<?xml version='1.0' encoding='utf-8' standalone='yes' ?>
<map>
    <string name="access_uni">112.90.140.216:14000,140.206.160.244:14000,125.39.213.69:14000</string>
    <int name="expireTime" value="180" />
    <string name="access_ct">14.17.41.159:14000,101.227.130.12:14000,123.151.10.177:14000</string>
    <long name="timesStamp" value="1487208171000" />
    <string name="access_cm">120.198.203.148:14000,117.135.171.182:14000,111.30.131.107:14000</string>
    <int name="parallelNum" value="2" />
    <int name="connectTimeout" value="20000" />
    <int name="apnCachedNum" value="3" />
    <long name="lastScheduleTime" value="1489562365434" />
    <string name="test_uuid">353918059664751_10:68:3f:74:5c:8c</string>
    <boolean name="isNew" value="false" />
    <int name="readTimeout" value="20000" />
    <string name="samplingInfo">0,1;-13,3;-17,5;-2,100;-1,100;-3,100;-14,3;-4,5;100</string>
</map>
