<?xml version='1.0' encoding='utf-8' standalone='yes' ?>
<map>
    <string name="GEN_QIMEI">2017-03-15</string>
    <string name="pid_stat">28110</string>
    <string name="rqd_model">2017-03-15</string>
    <string name="QIMEI_DENGTA">353918059664751</string>
    <string name="on_qua_date">2017-03-15</string>
    <string name="on_ua_date">2017-03-15</string>
    <long name="real_time_event_write_succ" value="0" />
    <string name="initsdkdate">2017-03-15</string>
    <string name="f_non_empty_qimei_v2">353918059664751|||10:68:3f:74:5c:8c||||||Nexus 4||||||1613d1c1f3b80be4|||google</string>
    <string name="querytimes">3</string>
    <long name="on_normal_ua_times" value="20" />
    <string name="key_channelpath">channel.ini</string>
    <long name="on_specified_ua_times" value="0" />
    <string name="APPKEY_DENGTA"></string>
    <string name="APPVER_DENGTA">1.17.1.23.17012304</string>
    <long name="common_event_write_succ" value="0" />
    <long name="real_time_event_upload_succ" value="27" />
    <string name="HEART_DENGTA">2017-03-15</string>
    <string name="IMEI_DENGTA">353918059664751</string>
    <long name="on_sdk_ua_times" value="10" />
    <long name="common_event_calls" value="0" />
    <long name="real_time_event_calls" value="27" />
    <int name="GEN_QIMEI_TIMES" value="1" />
</map>
