<?xml version='1.0' encoding='utf-8' standalone='yes' ?>
<map>
    <long name="tbs_download_interrupt_time" value="1489564064918" />
    <int name="tbs_download_min_free_space" value="0" />
    <long name="tbs_apkfilesize" value="23740351" />
    <boolean name="is_oversea" value="false" />
    <string name="tbs_apk_md5">84589a28c27df6e0f7a05298e65e04b6</string>
    <int name="tbs_download_version" value="43108" />
    <int name="tbs_download_failed_retrytimes" value="0" />
    <long name="retry_interval" value="86400" />
    <int name="tbs_download_success_max_retrytimes" value="3" />
    <int name="tbs_download_interrupt_code" value="-119" />
    <long name="last_check" value="1489562352775" />
    <int name="tbs_download_success_retrytimes" value="0" />
    <string name="app_metadata">null</string>
    <int name="app_versioncode" value="17012304" />
    <int name="tbs_responsecode" value="1" />
    <int name="tbs_download_failed_max_retrytimes" value="10" />
    <string name="app_versionname">1.17.1.23</string>
    <string name="last_thirdapp_sendrequest_coreversion">[]</string>
    <string name="tbs_deskey_token"></string>
    <string name="tbs_downloadurl">http://soft.tbs.imtt.qq.com/17421/tbs_res_imtt_tbs_release_tbs_core_3.1.0.1037_043108_20170302_215000.tbs</string>
    <boolean name="tbs_needdownload" value="false" />
    <long name="tbs_single_timeout" value="1200000" />
    <int name="tbs_download_maxflow" value="300" />
    <string name="device_cpuabi">armv7l</string>
</map>
