<?xml version='1.0' encoding='utf-8' standalone='yes' ?>
<map>
    <int name="com.tencent.tpus.rptIntvl" value="1200" />
    <int name="com.tencent.tpus.errCount" value="10" />
    <int name="com.tencent.tpus.httpHbIntvl" value="300000" />
    <int name="com.tencent.tpus.stIntvl" value="54000000" />
    <int name="com.tencent.tpus.httpRtCnt" value="3" />
    <int name="com.tencent.tpus.fqcFal" value="100" />
    <int name="com.tencent.tpus.m.freq" value="60000" />
    <long name="last.monitor.ts" value="1489661596064" />
    <int name="com.tencent.tpus.cnMsgExp" value="60000" />
    <int name="com.tencent.tpus.recTo" value="30000" />
    <int name="com.tencent.tpus.rptLiveIntvl" value="28800" />
    <int name="com.tencent.tpus.enable.monitor" value="1" />
    <int name="com.tencent.tpus.logFileSizeLimit" value="2097152" />
    <int name="com.tencent.tpus.ackDuration" value="300000" />
    <int name="com.tencent.tpus.enableNewWd" value="1" />
    <int name="com.tencent.tpus.rptLive" value="0" />
    <int name="com.tencent.tpus.strategyExpiredTime" value="1440" />
    <int name="com.tencent.tpus.loadIpIntvl" value="72000000" />
    <int name="com.tencent.tpus.fqcSuc" value="10" />
    <int name="com.tencent.tpus.hbIntvl" value="300000" />
    <long name="com.tencent.tpus.confVer" value="25" />
    <int name="com.tencent.tpus.redirectConnectTime" value="30000" />
    <int name="com.tencent.tpus.rptMaxCnt" value="5" />
    <long name=".installtime" value="1489659776993" />
    <int name="com.tencent.tpus.ackMaxCnt" value="3" />
    <int name="com.tencent.tpus.report" value="1" />
    <int name="com.tencent.tpus.redirectSoTime" value="30000" />
    <int name="com.tencent.tpus.logLevel" value="56" />
    <int name=".firstregister" value="0" />
</map>
