<?xml version='1.0' encoding='utf-8' standalone='yes' ?>
<map>
    <int name="mta.qq.com.difftime" value="-1" />
    <string name="App Restrictions">AAAAAA==
    </string>
    <int name="MTA_EVENT_INDEX" value="1000" />
    <string name="tencent_mta_sp_app_ver">1.17.1.23</string>
    <string name="tencent_mta_sp_uid">ji9FuyManUI73RWE1JlC/HaSKpd34mj2UipevFnW0vI7
    </string>
    <long name="mta.qq.com.checktime" value="1489659776075" />
    <int name="tencent_mta_sp_user_type" value="0" />
    <int name="__MTA_FIRST_ACTIVATE__" value="0" />
    <long name="tencent_mta_sp_ts" value="1489659775" />
    <string name="_mta_ky_tag_">/GsVsyMSmUM03RuC0w==
    </string>
</map>
