<?xml version='1.0' encoding='utf-8' standalone='yes' ?>
<map>
    <boolean name="ON_RESUME_CALLED" value="true" />
    <long name="msdk_pause_time" value="1489661607" />
    <boolean name="switch_first_state" value="true" />
    <string name="msdk_res_id">088e65800d0c4857971e66a336194ef0</string>
    <int name="paytoken_expire_time" value="604800" />
    <boolean name="ON_PAUSE_CALLED" value="true" />
    <string name="cloud_switch">{}</string>
    <long name="msdk_resume_time" value="1489661541" />
</map>
